First line is over all players, following lines arevalues for the single partitions in the segmentation
28370865.31897499,292.30437500000056,356.12597500000015,432.7335937499995,442.339375,401.565775,206.0414437499999,191.5684437499997,238.75149375000012,164.26859374999967,185.3098437500005,214.35697499999986,117.04250000000002,306.9289749999999,326.02177500000033,380.94097500000026,322.77299375000007,
0.0,0.0,0.0,0.0,0.0,0.0,0.0,0.0,0.0,0.0,0.0,0.0,0.0,0.0,0.0,0.0,0.0,
27041263.134297524,24.012396694214882,24.969008264462808,32.32231404958679,18.822314049586772,81.77272727272727,125.46694214876037,119.7479338842975,124.33264462809916,149.33626033057857,113.6792355371901,187.95247933884295,112.08057851239668,41.815599173553714,23.452479338842974,31.154442148760328,28.084710743801654,
28281808.826922618,122.36506191366603,175.24944426165038,354.41298782591974,352.58498182314224,330.7651132743221,118.39785248256538,106.57572085483386,111.88169393863996,160.9675866109189,143.80104165830707,157.02401913184434,106.74147132229612,153.21071511688552,214.90009549872016,289.5081254163021,249.77215128923282,
18992164.0,256.0,72.25,2.25,20.25,2.25,4.0,0.0,1.0,1.0,16.0,72.25,289.0,20.25,30.25,4.0,576.0,
