First line is over all players, following lines are valuesfor the single partitions in the segmentation
9072.395,57.275,54.345,44.6625,46.125,47.315,64.9675,65.6075,63.7975,66.1375,63.2875,62.805,65.15,52.105,54.615,44.345,43.2225,
623.0,82.0,80.0,14.0,16.0,46.0,65.0,63.0,48.0,56.0,69.0,70.0,34.0,38.0,61.0,75.0,78.0,
10235.045454545454,19.181818181818183,14.409090909090908,14.636363636363637,14.636363636363637,19.0,39.18181818181818,40.45454545454545,32.40909090909091,60.56818181818182,44.15909090909091,42.04545454545455,58.31818181818182,15.659090909090908,21.954545454545453,13.568181818181818,15.772727272727273,
8956.206798866855,61.94334277620396,59.25495750708215,48.58356940509915,50.26345609065156,50.92634560906516,68.35127478753542,68.92917847025495,67.88385269121812,66.75354107648725,65.70254957507082,65.45325779036827,66.15297450424929,56.54957507082153,58.538243626062325,47.93201133144476,46.45609065155807,
8226.0,59.0,53.5,28.5,23.5,33.5,35.0,34.0,41.0,85.0,55.0,48.5,54.0,76.5,77.5,73.0,59.0,
